id,planet_type,discovery_date,mass,planet_radius,orbital_radius,orbital_period,eccentricity,detection_method
0,Gas Giant,2014,0.20782928 Jupiters,0.851 x Jupiter (estimate),Unknown,31.1 days,0.04,Transit Timing Variations
1,Gas Giant,2014,10 Jupiters,0.95191528 x Jupiter,0.2668 AU,46.1 days,0.03,Transit
2,Gas Giant,2014,27.7 Jupiters,1.06 x Jupiter (estimate),Unknown,80.1 days,0.03,Transit Timing Variations
3,Gas Giant,2026,0.425 Jupiters,0.93 x Jupiter,0.03275 AU,3 days,0.06,Transit
4,Gas Giant,2026,0.81 Jupiters,1.96 x Jupiter,0.0731 AU,6.3 days,,Transit
5,Gas Giant,2026,2.1 Jupiters,1.02 x Jupiter,0.01913 AU,1.3 days,0.03,Transit
6,Super Earth,2026,3.4 Earths,1.66 x Earth (estimate),0.139 AU,37.9 days,,Radial Velocity
7,Gas Giant,2026,9.5 Jupiters,1.12 x Jupiter (estimate),6.4 AU,16.1 years,,Radial Velocity
8,Gas Giant,2026,21.55 Jupiters,1.08 x Jupiter (estimate),0.81 AU,256.3 days,0.43,Radial Velocity
9,Gas Giant,2026,10.67 Jupiters,1.11 x Jupiter (estimate),3.69 AU,9.3 years,,Microlensing
10,Gas Giant,2026,0.61 Jupiters,1.01 x Jupiter,0.03664 AU,3.3 days,0.12,Transit
11,Gas Giant,2026,0.71 Jupiters,0.95 x Jupiter,0.04007 AU,4.2 days,0.04,Transit
12,Gas Giant,2026,0.5 Jupiters,0.98 x Jupiter,0.03294 AU,2.9 days,0.06,Transit
13,Gas Giant,2026,0.41 Jupiters,1.475 x Jupiter,0.0428 AU,3.4 days,0.06,Transit
14,Gas Giant,2026,2.27 Jupiters,1.35 x Jupiter,0.0484 AU,3.2 days,,Transit
